-- MySQL dump 10.13  Distrib 8.0.34, for macos13 (x86_64)
--
-- Host: 127.0.0.1    Database: recipe_db
-- ------------------------------------------------------
-- Server version	8.1.0

/*!40101 SET @OLD_CHARACTER_SET_CLIENT=@@CHARACTER_SET_CLIENT */;
/*!40101 SET @OLD_CHARACTER_SET_RESULTS=@@CHARACTER_SET_RESULTS */;
/*!40101 SET @OLD_COLLATION_CONNECTION=@@COLLATION_CONNECTION */;
/*!50503 SET NAMES utf8 */;
/*!40103 SET @OLD_TIME_ZONE=@@TIME_ZONE */;
/*!40103 SET TIME_ZONE='+00:00' */;
/*!40014 SET @OLD_UNIQUE_CHECKS=@@UNIQUE_CHECKS, UNIQUE_CHECKS=0 */;
/*!40014 SET @OLD_FOREIGN_KEY_CHECKS=@@FOREIGN_KEY_CHECKS, FOREIGN_KEY_CHECKS=0 */;
/*!40101 SET @OLD_SQL_MODE=@@SQL_MODE, SQL_MODE='NO_AUTO_VALUE_ON_ZERO' */;
/*!40111 SET @OLD_SQL_NOTES=@@SQL_NOTES, SQL_NOTES=0 */;

--
-- Table structure for table `favorite`
--

DROP TABLE IF EXISTS `favorite`;
/*!40101 SET @saved_cs_client     = @@character_set_client */;
/*!50503 SET character_set_client = utf8mb4 */;
CREATE TABLE `favorite` (
  `id` int NOT NULL AUTO_INCREMENT,
  `user_id` int NOT NULL,
  `recipe_id` int NOT NULL,
  PRIMARY KEY (`id`),
  UNIQUE KEY `unique_user_recipe_pair` (`user_id`,`recipe_id`),
  KEY `favorite_ibfk_2` (`recipe_id`),
  CONSTRAINT `favorite_ibfk_1` FOREIGN KEY (`user_id`) REFERENCES `user` (`id`),
  CONSTRAINT `favorite_ibfk_2` FOREIGN KEY (`recipe_id`) REFERENCES `recipe` (`id`)
) ENGINE=InnoDB AUTO_INCREMENT=76 DEFAULT CHARSET=utf8mb4 COLLATE=utf8mb4_0900_ai_ci;
/*!40101 SET character_set_client = @saved_cs_client */;

--
-- Dumping data for table `favorite`
--

LOCK TABLES `favorite` WRITE;
/*!40000 ALTER TABLE `favorite` DISABLE KEYS */;
INSERT INTO `favorite` VALUES (74,44,14),(67,44,20),(66,44,26),(64,44,30);
/*!40000 ALTER TABLE `favorite` ENABLE KEYS */;
UNLOCK TABLES;

--
-- Table structure for table `ingredients`
--

DROP TABLE IF EXISTS `ingredients`;
/*!40101 SET @saved_cs_client     = @@character_set_client */;
/*!50503 SET character_set_client = utf8mb4 */;
CREATE TABLE `ingredients` (
  `ingredient_id` int NOT NULL AUTO_INCREMENT,
  `name` varchar(255) NOT NULL,
  `recipe_id` int NOT NULL,
  PRIMARY KEY (`ingredient_id`),
  KEY `ingredients_ibfk_1` (`recipe_id`),
  CONSTRAINT `ingredients_ibfk_1` FOREIGN KEY (`recipe_id`) REFERENCES `recipe` (`id`)
) ENGINE=InnoDB AUTO_INCREMENT=293 DEFAULT CHARSET=utf8mb4 COLLATE=utf8mb4_0900_ai_ci;
/*!40101 SET character_set_client = @saved_cs_client */;

--
-- Dumping data for table `ingredients`
--

LOCK TABLES `ingredients` WRITE;
/*!40000 ALTER TABLE `ingredients` DISABLE KEYS */;
INSERT INTO `ingredients` VALUES (1,'8 ounces Spaghetti Pasta',1),(2,'2 tablespoons Olive Oil',1),(3,'3 cloves Garlic, minced',1),(4,'1 can (28 ounces) Crushed Tomatoes',1),(5,'1 teaspoon Dried Basil',1),(6,'1 teaspoon Dried Oregano',1),(7,'1/2 teaspoon Salt',1),(8,'1/4 teaspoon Black Pepper',1),(9,'1/4 teaspoon Red Pepper Flakes',1),(10,'1/4 cup Fresh Basil, chopped (for garnish)',1),(11,'1 cup Broccoli Florets',2),(12,'1 cup Bell Peppers, sliced',2),(13,'1 cup Snap Peas',2),(14,'1 cup Carrots, julienned',2),(15,'1 cup Tofu, cubed',2),(16,'2 tablespoons Soy Sauce',2),(17,'1 tablespoon Sesame Oil',2),(18,'1 tablespoon Vegetable Oil',2),(19,'1 clove Garlic, minced',2),(20,'1 teaspoon Ginger, grated',2),(21,'8 ounces Fettuccine Pasta',3),(22,'1 pound Chicken Breast, sliced',3),(23,'2 tablespoons Butter',3),(24,'2 cloves Garlic, minced',3),(25,'1 cup Heavy Cream',3),(26,'1 cup Parmesan Cheese, grated',3),(27,'Salt to taste',3),(28,'Black Pepper to taste',3),(29,'Chopped Parsley for garnish',3),(30,'1/2 cup Cherry Tomatoes, halved',3),(31,'1 cup Quinoa, cooked',4),(32,'1 cup Cucumber, diced',4),(33,'1 cup Cherry Tomatoes, halved',4),(34,'1/2 cup Red Onion, finely chopped',4),(35,'1/4 cup Feta Cheese, crumbled',4),(36,'2 tablespoons Olive Oil',4),(37,'1 tablespoon Balsamic Vinegar',4),(38,'Salt to taste',4),(39,'Black Pepper to taste',4),(40,'Fresh Basil for garnish',4),(41,'1 pound Ground Beef',5),(42,'1 packet Taco Seasoning',5),(43,'1/2 cup Water',5),(44,'8 small Flour Tortillas',5),(45,'1 cup Lettuce, shredded',5),(46,'1 cup Tomatoes, diced',5),(47,'1/2 cup Cheddar Cheese, shredded',5),(48,'1/4 cup Sour Cream',5),(49,'Salsa for serving',5),(50,'Cilantro for garnish',5),(51,'1 tablespoon Olive Oil',6),(52,'1 Onion, chopped',6),(53,'2 Carrots, diced',6),(54,'2 Celery Stalks, diced',6),(55,'2 cloves Garlic, minced',6),(56,'8 cups Vegetable Broth',6),(57,'1 can (14 ounces) Diced Tomatoes',6),(58,'1 cup Green Beans, chopped',6),(59,'1 cup Corn Kernels',6),(60,'1 cup Peas',6),(61,'4 Salmon Fillets',7),(62,'1/4 cup Soy Sauce',7),(63,'2 tablespoons Mirin',7),(64,'2 tablespoons Sake',7),(65,'2 tablespoons Brown Sugar',7),(66,'1 tablespoon Vegetable Oil',7),(67,'1 teaspoon Ginger, grated',7),(68,'1 teaspoon Garlic, minced',7),(69,'Sesame Seeds for garnish',7),(70,'Green Onions for garnish',7),(71,'2 cups Cooked Rice',11),(72,'1 cup Kimchi',11),(73,'3 tablespoons Soy Sauce',11),(74,'1 tablespoon Sesame Oil',11),(75,'1 cup julienned Carrots',11),(76,'1/2 cup Peas',11),(77,'2 beaten Eggs',11),(78,'1/4 cup chopped Green Onions',11),(79,'2 cloves minced Garlic',11),(80,'1 teaspoon grated Ginger',11),(81,'2 tablespoons Vegetable Oil',11),(82,'1 pound Ground Beef',12),(83,'4 Burger Buns',12),(84,'1 cup shredded Lettuce',12),(85,'2 Tomatoes, sliced',12),(86,'1 thinly sliced Onion',12),(87,'4 Cheese Slices',12),(88,'2 tablespoons Ketchup',12),(89,'1 tablespoon Mustard',12),(90,'2 tablespoons Mayonnaise',12),(91,'1 teaspoon Salt',12),(92,'1/2 teaspoon Black Pepper',12),(93,'1 pound peeled and deveined Shrimp',13),(94,'8 ounces Linguine Pasta',13),(95,'1/2 cup Butter',13),(96,'2 tablespoons Olive Oil',13),(97,'4 cloves minced Garlic',13),(98,'1/2 cup White Wine',13),(99,'2 tablespoons Lemon Juice',13),(100,'2 tablespoons chopped Parsley',13),(101,'1/4 teaspoon Red Pepper Flakes',13),(102,'1/2 teaspoon Salt',13),(103,'1/4 teaspoon Black Pepper',13),(104,'2 cups Cooked Rice',14),(105,'1/2 pound thinly sliced Pork Tenderloin',14),(106,'1/2 cup diced Carrots',14),(107,'1/2 cup Peas',14),(108,'2 beaten Eggs',14),(109,'3 tablespoons Soy Sauce',14),(110,'1 tablespoon Sesame Oil',14),(111,'1/4 cup chopped Green Onions',14),(112,'2 cloves minced Garlic',14),(113,'1 teaspoon grated Ginger',14),(114,'2 tablespoons Vegetable Oil',14),(115,'2 cups sliced Strawberries',15),(116,'1 cup Whipped Cream',15),(117,'1/2 cup Sugar',15),(118,'1 teaspoon Vanilla Extract',15),(119,'8 ounces softened Cream Cheese',15),(120,'1 cup Graham Cracker Crumbs',15),(121,'1/2 cup melted Butter',15),(122,'2 tablespoons Lemon Juice',15),(123,'1 tablespoon Gelatin',15),(124,'1/4 cup Water',15),(125,'Mint Leaves for garnish',15),(126,'1 pound Pizza Dough',16),(127,'1 cup Tomato Sauce',16),(128,'2 cups shredded Mozzarella Cheese',16),(129,'1 thinly sliced Bell Peppers',16),(130,'1 cup sliced Mushrooms',16),(131,'1 thinly sliced Red Onion',16),(132,'1/2 cup sliced Black Olives',16),(133,'1 cup chopped Spinach',16),(134,'2 tablespoons Olive Oil',16),(135,'2 cloves minced Garlic',16),(136,'1 teaspoon Italian Seasoning',16),(137,'1/2 pound Turkey Slices',17),(138,'4 Whole Wheat Tortilla',17),(139,'1 cup shredded Lettuce',17),(140,'1 Tomato, sliced',17),(141,'1 Avocado, sliced',17),(142,'2 tablespoons Mayonnaise',17),(143,'1 tablespoon Mustard',17),(144,'4 slices Cheese',17),(145,'4 strips cooked Bacon',17),(146,'1/2 teaspoon Salt',17),(147,'1/4 teaspoon Black Pepper',17),(148,'1 cup Orange Juice',18),(149,'1 cup Club Soda',18),(150,'1/4 cup Simple Syrup',18),(151,'Ice for serving',18),(152,'Orange Slices for garnish',18),(163,'4 Pork Chops',10),(164,'2 tablespoons Olive Oil',10),(165,'1 teaspoon Paprika',10),(166,'1/2 teaspoon Cumin',10),(167,'1/2 teaspoon Black Pepper',10),(168,'2 tablespoons Honey',10),(169,'2 cloves Garlic, minced',10),(170,'Salt to taste',10),(171,'Fresh Parsley for garnish',10),(183,'1 cup All-Purpose Flour',20),(184,'1/2 cup Cocoa Powder',20),(185,'1 cup Butter, melted',20),(186,'2 cups Sugar',20),(187,'4 Eggs',20),(188,'1 teaspoon Vanilla Extract',20),(189,'1/4 teaspoon Salt',20),(190,'1 cup Strawberries, diced',20),(191,'1/2 cup Chocolate Chips',20),(192,'1/2 cup Chopped Nuts (optional)',20),(193,'8 ounces Egg Noodles',21),(194,'1/2 pound Chicken Breast, sliced',21),(195,'2 tablespoons Soy Sauce',21),(196,'1 tablespoon Oyster Sauce',21),(197,'1 tablespoon Sesame Oil',21),(198,'1/2 cup Carrots, julienned',21),(199,'1/2 cup Bell Peppers, sliced',21),(200,'1/2 cup Broccoli Florets',21),(201,'2 tablespoons Vegetable Oil',21),(202,'1 clove Garlic, minced',21),(203,'2 pounds Crab Legs',22),(204,'1/2 cup Butter, melted',22),(205,'1/4 cup Old Bay Seasoning',22),(206,'1 Lemon, cut into wedges',22),(207,'Fresh Parsley for garnish',22),(208,'Corn on the Cob for serving',22),(209,'Red Potatoes for serving',22),(210,'Cornbread for serving',22),(211,'Drawn Butter for dipping',22),(212,'Lemon Wedges for serving',22),(213,'1 pound Prawns, peeled and deveined',23),(214,'1/4 cup Olive Oil',23),(215,'3 cloves Garlic, minced',23),(216,'1/2 teaspoon Red Pepper Flakes',23),(217,'1 Lemon, juiced',23),(218,'Salt to taste',23),(219,'Black Pepper to taste',23),(220,'Fresh Parsley for garnish',23),(221,'Cooked Rice for serving',23),(222,'Crusty Bread for serving',23),(233,'4 Fish Fillets (such as tilapia or cod)',25),(234,'1/2 cup Cornmeal',25),(235,'1/2 cup Flour',25),(236,'1 teaspoon Paprika',25),(237,'1/2 teaspoon Garlic Powder',25),(238,'1/2 teaspoon Onion Powder',25),(239,'1/2 teaspoon Dried Thyme',25),(240,'1/2 teaspoon Salt',25),(241,'1/4 teaspoon Black Pepper',25),(242,'Vegetable Oil for frying',25),(243,'1 pound Chicken Wings',26),(244,'1/4 cup Hot Sauce',26),(245,'2 tablespoons Butter, melted',26),(246,'1 tablespoon Honey',26),(247,'1 teaspoon Garlic Powder',26),(248,'1/2 teaspoon Cayenne Pepper',26),(249,'1/2 teaspoon Paprika',26),(250,'1/2 teaspoon Salt',26),(251,'1/4 teaspoon Black Pepper',26),(252,'Blue Cheese Dressing for dipping',26),(263,'4 cups All-Purpose Flour',28),(264,'1 tablespoon Sugar',28),(265,'1 tablespoon Active Dry Yeast',28),(266,'1 1/2 cups Warm Water',28),(267,'1 teaspoon Salt',28),(268,'2 tablespoons Olive Oil',28),(269,'Cornmeal for dusting',28),(270,'Egg Wash (1 beaten egg + 1 tablespoon water)',28),(271,'Assorted Seeds (poppy, sesame) for topping',28),(272,'Butter for serving',28),(283,'1 cup Strawberries, sliced',30),(284,'1 cup Raspberries',30),(285,'1 cup Blackberries',30),(286,'1 cup Blueberries',30),(287,'1 cup Mango, diced',30),(288,'1 cup Pineapple, diced',30),(289,'1/4 cup Honey',30),(290,'1 tablespoon Fresh Mint, chopped',30),(291,'Lime Zest for garnish',30),(292,'Vanilla Yogurt for serving',30);
/*!40000 ALTER TABLE `ingredients` ENABLE KEYS */;
UNLOCK TABLES;

--
-- Table structure for table `instructions`
--

DROP TABLE IF EXISTS `instructions`;
/*!40101 SET @saved_cs_client     = @@character_set_client */;
/*!50503 SET character_set_client = utf8mb4 */;
CREATE TABLE `instructions` (
  `step_id` int NOT NULL AUTO_INCREMENT,
  `description` text NOT NULL,
  `sequence_number` int NOT NULL,
  `recipe_id` int NOT NULL,
  PRIMARY KEY (`step_id`),
  KEY `instructions_ibfk_1` (`recipe_id`),
  CONSTRAINT `instructions_ibfk_1` FOREIGN KEY (`recipe_id`) REFERENCES `recipe` (`id`)
) ENGINE=InnoDB AUTO_INCREMENT=98 DEFAULT CHARSET=utf8mb4 COLLATE=utf8mb4_0900_ai_ci;
/*!40101 SET character_set_client = @saved_cs_client */;

--
-- Dumping data for table `instructions`
--

LOCK TABLES `instructions` WRITE;
/*!40000 ALTER TABLE `instructions` DISABLE KEYS */;
INSERT INTO `instructions` VALUES (1,'Fill a large pot with about 4-6 quarts of water. Place the pot on the stove over high heat and cover it with a lid. Allow the water to come to a rolling boil. This will serve as the base for cooking your pasta.',1,1),(2,'Once the water is vigorously boiling, add a tablespoon of salt. Stir the salt into the boiling water to ensure even distribution. Adding salt enhances the flavor of the pasta as it absorbs the seasoned water during cooking.',2,1),(3,'Gently add the spaghetti to the boiling water. Use a stirring spoon to ensure the pasta doesn’t stick together. Cook the spaghetti according to the package instructions or until it reaches the desired level of doneness. Remember, al dente pasta has a slight firmness when bitten.',3,1),(4,'Carefully drain the cooked spaghetti in a colander in the sink. Shake the colander to remove excess water. Optionally, you can save a cup of the pasta water, as it may come in handy later for adjusting the sauce consistency. Set the drained spaghetti aside for use in the final steps of your delicious spaghetti dish.',4,1),(5,'Chop a variety of fresh vegetables such as bell peppers, broccoli, carrots, and snap peas. Prep the vegetables and set them aside for stir-frying.',1,2),(6,'Heat a wok or large pan over medium-high heat. Add a tablespoon of vegetable oil and let it heat up. Swirl the oil to coat the bottom of the pan evenly.',2,2),(7,'Add minced garlic and ginger to the hot oil. Sauté for about 30 seconds until fragrant, being careful not to burn the garlic.',3,2),(8,'Add the prepared vegetables to the pan. Stir-fry them quickly, ensuring they are cooked but still crisp. You can add soy sauce or other seasonings for flavor.',4,2),(9,'Bring a large pot of salted water to a boil. Add fettuccine pasta and cook according to package instructions until al dente. Drain and set aside.',1,3),(10,'Season chicken breasts with salt, pepper, and any desired herbs. In a large skillet, heat olive oil over medium-high heat. Add chicken and cook until browned and cooked through. Remove from the skillet and set aside.',2,3),(11,'In the same skillet, melt butter and add minced garlic. Sauté until fragrant. Pour in heavy cream and bring to a simmer.',3,3),(12,'Stir in grated Parmesan cheese and continue to cook, stirring constantly, until the sauce thickens. Season with salt and pepper to taste.',4,3),(13,'Rinse quinoa thoroughly under cold water. In a medium saucepan, combine quinoa and water. Bring to a boil, then reduce heat to low, cover, and simmer for 15 minutes or until quinoa is cooked and water is absorbed.',1,4),(14,'While quinoa is cooking, chop and prepare fresh vegetables such as cherry tomatoes, cucumber, red onion, and bell peppers. Mix them in a large salad bowl.',2,4),(15,'In a small bowl, whisk together olive oil, lemon juice, Dijon mustard, salt, and pepper to create the dressing.',3,4),(16,'Once quinoa is cooked and slightly cooled, add it to the salad bowl with the fresh vegetables. Pour the dressing over the salad and toss everything together until well combined.',4,4),(17,'In a skillet over medium-high heat, brown ground beef. Season with taco seasoning and cook until fully browned. Drain excess fat if necessary.',1,5),(18,'While the beef is cooking, chop fresh toppings such as lettuce, tomatoes, onions, and cilantro. Grate cheese and set aside.',2,5),(19,'Warm taco shells in the oven or on the stovetop according to the package instructions. Assemble the tacos by spooning the seasoned beef into the shells.',3,5),(20,'Top the tacos with your favorite toppings, including shredded cheese, lettuce, tomatoes, onions, and a sprinkle of fresh cilantro. Add salsa, sour cream, or guacamole if desired.',4,5),(21,'In a large pot, heat olive oil over medium heat. Add diced onions, carrots, and celery. Sauté until the vegetables are softened and the onions are translucent.',1,6),(22,'Add minced garlic to the pot and sauté for an additional minute until fragrant. Season with salt, pepper, and any desired herbs or spices.',2,6),(23,'Pour in vegetable or chicken broth, and add diced potatoes and any other vegetables you prefer such as zucchini, bell peppers, or tomatoes. Bring the soup to a simmer.',3,6),(24,'Simmer the soup for about 20-25 minutes or until the vegetables are tender. Taste and adjust the seasoning if necessary. Serve hot and enjoy your comforting vegetable soup!',4,6),(25,'Preheat the oven to 400°F (200°C). Place salmon fillets on a baking sheet lined with parchment paper.',1,7),(26,'In a small bowl, mix together teriyaki sauce, soy sauce, honey, minced garlic, and grated ginger to create the teriyaki marinade.',2,7),(27,'Brush the teriyaki marinade over the salmon fillets, ensuring they are evenly coated. Let the salmon marinate for about 15-20 minutes to absorb the flavors.',3,7),(28,'Bake the salmon in the preheated oven for 15-20 minutes or until the salmon flakes easily with a fork. Optionally, broil for a couple of minutes for a caramelized finish.',4,7),(29,'Start by marinating the pork in a mixture of soy sauce, garlic, honey, and your preferred herbs and spices. Allow it to marinate in the refrigerator for at least 2 hours or overnight for more flavor.',1,10),(30,'Preheat your grill to medium-high heat. Remove the pork from the marinade and let any excess drip off. Grill the pork for about 15-20 minutes, turning occasionally, until it reaches the desired level of doneness.',2,10),(31,'While the pork is grilling, you can baste it with the remaining marinade to add extra flavor. Make sure to cook the pork thoroughly, reaching a safe internal temperature.',3,10),(32,'Once grilled to perfection, let the pork rest for a few minutes before slicing. Serve the grilled pork with your favorite sides and enjoy!',4,10),(33,'Start by cooking jasmine rice according to package instructions. It is ideal to use day-old rice for fried rice as it tends to be drier and less sticky.',1,11),(34,'In a large wok or skillet, heat sesame oil over medium-high heat. Add diced carrots, peas, and corn. Sauté the vegetables until they are tender-crisp.',2,11),(35,'Push the vegetables to the side of the wok and crack eggs into the empty space. Scramble the eggs until they are just set, and then mix them with the sautéed vegetables.',3,11),(36,'Add the cooked rice to the wok. Pour in soy sauce and stir-fry the rice and vegetables together until everything is well combined and heated through.',4,11),(37,'Preheat the grill or stovetop pan over medium-high heat. If using a grill, make sure to oil the grates to prevent sticking.',1,12),(38,'In a mixing bowl, combine ground beef with salt, pepper, and any desired seasonings. Divide the mixture into equal portions and shape them into burger patties.',2,12),(39,'Place the burger patties on the preheated grill or pan. Cook for about 4-5 minutes per side for medium doneness, or adjust the cooking time according to your preference.',3,12),(40,'Optional: Add cheese slices on top of the burgers during the last minute of cooking to melt the cheese. Toast burger buns on the grill for a minute until golden brown.',4,12),(41,'Bring a large pot of salted water to a boil. Cook linguine pasta according to package instructions until al dente. Drain and set aside.',1,13),(42,'In a large skillet, heat olive oil over medium heat. Add minced garlic and red pepper flakes. Sauté until the garlic is golden but not browned.',2,13),(43,'Add shrimp to the skillet and cook until they turn pink and opaque. Stir in white wine, lemon juice, and chopped parsley. Simmer for a few minutes.',3,13),(44,'Toss the cooked linguine with the shrimp and sauce. Season with salt and pepper to taste. Serve the Shrimp Scampi hot, garnished with additional parsley and grated Parmesan cheese.',4,13),(45,'Start by cooking jasmine rice according to package instructions. It is recommended to use day-old rice for fried rice for better texture.',1,14),(46,'In a wok or large skillet, heat vegetable oil over medium-high heat. Add diced pork and cook until browned and cooked through.',2,14),(47,'Push the pork to the side and add beaten eggs to the empty space. Scramble the eggs until just set, and then mix them with the cooked pork.',3,14),(48,'Add the cooked rice to the wok. Pour in soy sauce and stir-fry the rice, pork, and eggs together until well combined. Optionally, add diced vegetables like peas and carrots.',4,14),(49,'In a mixing bowl, combine fresh strawberries, sugar, and a splash of lemon juice. Toss the strawberries to coat them evenly and let them sit for about 15 minutes.',1,15),(50,'In serving glasses or bowls, layer the macerated strawberries with whipped cream or vanilla ice cream.',2,15),(51,'Top the dessert with additional strawberries and a drizzle of chocolate or strawberry sauce, if desired. Serve immediately and enjoy your refreshing Strawberry Dessert!',3,15),(52,'Preheat the oven to 450°F (230°C). Roll out pizza dough on a floured surface and transfer it to a pizza stone or baking sheet.',1,16),(53,'Spread pizza sauce evenly over the dough. Top with shredded mozzarella cheese and a variety of fresh vegetables such as bell peppers, tomatoes, olives, and onions.',2,16),(54,'Bake the pizza in the preheated oven for 12-15 minutes or until the crust is golden and the cheese is melted and bubbly.',3,16),(55,'Remove the pizza from the oven, let it cool slightly, and then slice. Serve the Vegetable Pizza hot and enjoy!',4,16),(56,'Lay out a tortilla on a flat surface. Spread a thin layer of mayonnaise or your favorite sauce over the tortilla.',1,17),(57,'Layer sliced turkey, lettuce, tomatoes, and any other desired toppings (such as cheese, avocado, or bacon) on the tortilla.',2,17),(58,'Fold in the sides of the tortilla and then roll it up tightly from the bottom to create a wrap. Secure the wrap with toothpicks if needed.',3,17),(59,'Slice the Turkey Wrap in half diagonally and serve. Enjoy a quick and delicious turkey wrap!',4,17),(60,'Fill a glass with ice cubes. Pour orange soda into the glass, leaving some space at the top for fizz.',1,18),(61,'Optional: Add a slice of orange or a twist of orange peel for garnish and extra citrus flavor.',2,18),(62,'Stir gently to mix the soda and ice. Enjoy your refreshing homemade Orange Soda!',3,18),(67,'Preheat the oven to 350°F (175°C). Grease a baking pan and line it with parchment paper.',1,20),(68,'In a mixing bowl, combine melted butter, sugar, and vanilla extract. Add eggs one at a time, mixing well after each addition.',2,20),(69,'Stir in flour, cocoa powder, and a pinch of salt until just combined. Fold in chopped strawberries. Pour the batter into the prepared pan.',3,20),(70,'Bake in the preheated oven for 25-30 minutes or until a toothpick inserted into the center comes out with a few moist crumbs. Let the Strawberry Brownies cool before slicing.',4,20),(71,'Boil noodles in salted water until al dente. Drain and set aside.',1,21),(72,'In a wok or large skillet, heat sesame oil over medium-high heat. Add diced vegetables such as bell peppers, broccoli, and carrots. Sauté until tender.',2,21),(73,'Add the cooked noodles to the wok. Pour in a mixture of soy sauce, ginger, and garlic. Toss everything together until well combined.',3,21),(74,'Optional: Garnish with chopped green onions and sesame seeds. Serve the Noodle Delight hot and enjoy!',4,21),(75,'Bring a large pot of salted water to a boil. Add crab legs and boil for 5-7 minutes or until heated through.',1,22),(76,'While the crab legs are boiling, melt butter in a small saucepan. Add minced garlic and Old Bay seasoning. Stir until the garlic is fragrant.',2,22),(77,'Once the crab legs are cooked, drain them and transfer to a serving platter. Drizzle the garlic butter mixture over the crab legs.',3,22),(78,'Serve the Crab Feast with lemon wedges and extra garlic butter on the side. Enjoy cracking and savoring the delicious crab meat!',4,22),(79,'In a large skillet, heat olive oil over medium-high heat. Add peeled and deveined prawns to the skillet.',1,23),(80,'Season the prawns with salt, pepper, and a pinch of paprika. Cook until the prawns are pink and cooked through.',2,23),(81,'Add minced garlic, chopped tomatoes, and fresh basil to the skillet. Sauté for a few minutes until the tomatoes are softened and the flavors meld together.',3,23),(82,'Serve the Prawn Paradise over cooked pasta or rice. Garnish with additional basil and a squeeze of lemon if desired.',4,23),(83,'Preheat the oven to 400°F (200°C). Season fish fillets with salt, pepper, and any desired herbs or spices.',1,25),(84,'Place the seasoned fish fillets on a baking sheet lined with parchment paper. Drizzle with olive oil and bake in the preheated oven for 12-15 minutes or until the fish flakes easily.',2,25),(85,'While the fish is baking, prepare a salsa by combining diced tomatoes, red onion, cilantro, lime juice, and salt.',3,25),(86,'Serve the Fish Fiesta by topping the baked fish with the fresh salsa. Enjoy a flavorful and light fish dish!',4,25),(87,'In a large mixing bowl, combine diced chicken with hot sauce, garlic powder, onion powder, and paprika. Let it marinate for at least 30 minutes.',1,26),(88,'In a skillet over medium-high heat, cook the marinated chicken until browned and cooked through. Add additional hot sauce for extra spice if desired.',2,26),(89,'Layer tortilla chips on a serving platter. Spoon the spicy chicken over the chips. Sprinkle shredded cheese over the top.',3,26),(90,'Optional: Garnish with sliced jalapeños, diced tomatoes, and chopped green onions. Serve the Spicy Delight nachos immediately.',4,26),(91,'Preheat the oven to 375°F (190°C). In a mixing bowl, combine flour, baking powder, salt, and any desired herbs or spices.',1,28),(92,'Add melted butter and milk to the dry ingredients. Stir until just combined. Optionally, fold in grated cheese or chopped herbs for added flavor.',2,28),(93,'Drop spoonfuls of the dough onto a baking sheet. Bake in the preheated oven for 12-15 minutes or until the tops are golden brown.',3,28),(94,'Serve the Bread Bonanza biscuits warm. Enjoy them as a side for soups, stews, or any meal of your choice.',4,28),(95,'In a large bowl, combine a variety of fresh fruits such as strawberries, blueberries, grapes, and kiwi.',1,30),(96,'In a small bowl, whisk together honey and lemon juice. Drizzle the honey-lemon mixture over the fresh fruits and gently toss to coat.',2,30),(97,'Optional: Garnish with mint leaves for a burst of freshness. Serve the Fruit Bliss salad chilled and enjoy a refreshing and healthy dessert.',3,30);
/*!40000 ALTER TABLE `instructions` ENABLE KEYS */;
UNLOCK TABLES;

--
-- Table structure for table `recipe`
--

DROP TABLE IF EXISTS `recipe`;
/*!40101 SET @saved_cs_client     = @@character_set_client */;
/*!50503 SET character_set_client = utf8mb4 */;
CREATE TABLE `recipe` (
  `id` int NOT NULL,
  `name` varchar(255) NOT NULL,
  `description` text,
  `prepare_time` int DEFAULT NULL,
  `cook_time` int DEFAULT NULL,
  `img_path` varchar(255) DEFAULT NULL,
  `meal_type` varchar(50) DEFAULT NULL,
  `cuisine` varchar(50) DEFAULT NULL,
  `dietary` varchar(50) DEFAULT NULL,
  `cook_method` varchar(50) DEFAULT NULL,
  `ingredient_focus` varchar(50) DEFAULT NULL,
  `difficulty` varchar(20) DEFAULT NULL,
  `serve_person` int DEFAULT NULL,
  PRIMARY KEY (`id`)
) ENGINE=InnoDB DEFAULT CHARSET=utf8mb4 COLLATE=utf8mb4_0900_ai_ci;
/*!40101 SET character_set_client = @saved_cs_client */;

--
-- Dumping data for table `recipe`
--

LOCK TABLES `recipe` WRITE;
/*!40000 ALTER TABLE `recipe` DISABLE KEYS */;
INSERT INTO `recipe` VALUES (1,'Spaghetti','Spaghetti, a quintessential Italian dish, is a comforting and satisfying meal known for its simplicity and versatility. Thin strands of pasta are cooked to al dente perfection and generously coated in a savory tomato-based sauce. The sauce, often infused with garlic, onions, and herbs, creates a flavorful and aromatic combination. Variations can include additions like meatballs, grated Parmesan cheese, or fresh basil, enhancing the overall taste experience. This classic pasta dish is a timeless favorite, offering a delightful blend of textures and flavors.',15,30,'imgs/recipes/r6.jpeg','Dinner','Italian','Gluten-Free','Boiled','Pasta','Intermediate',4),(2,'Vegetarian Stir-Fry','A Vegetarian Stir-Fry is a vibrant and healthful dish that celebrates the crispiness of fresh vegetables combined with the umami of soy sauce and the warmth of ginger and garlic. Colorful bell peppers, broccoli, carrots, and other veggies are quickly stir-fried in a wok, maintaining their bright colors and crunchy texture. The dish is not only visually appealing but also a nutritional powerhouse. Served over a bed of rice or noodles, this stir-fry is a quick and delicious way to enjoy a variety of vegetables in one flavorful ensemble.',10,15,'imgs/recipes/r20.jpeg','Main','Asian','Low-Carb','Stir-fry','Vegetables','Easy',1),(3,'Chicken Alfredo','Chicken Alfredo is a decadent pasta dish that marries the creamy richness of Alfredo sauce with succulent grilled chicken. Fettuccine noodles are bathed in a luscious sauce made from butter, heavy cream, and Parmesan cheese. The grilled chicken, seasoned to perfection, adds a savory and protein-packed element to the dish. The result is a harmonious blend of textures and flavors, making Chicken Alfredo a favorite among those seeking comfort in a bowl of pasta.',25,25,'imgs/recipes/r19.jpeg','Breakfast','Italian','Dairy-Free','Sauteed','Chicken','Intermediate',5),(4,'Quinoa Salad','Quinoa Salad is a wholesome and nutritious dish that highlights the versatility of quinoa, a protein-packed grain. Cooked quinoa serves as the base for this salad, mingling with a colorful assortment of fresh vegetables such as cherry tomatoes, cucumbers, and bell peppers. The salad is often dressed in a zesty vinaigrette, enhancing the flavors and providing a light and refreshing quality. Packed with vitamins and minerals, Quinoa Salad is a delightful option for those seeking a satisfying and health-conscious meal.',15,15,'imgs/recipes/r1.jpeg','Lunch','Chinese','Vegetarian','Raw','Quinoa','Easy',2),(5,'Beef Tacos','Beef Tacos, a beloved Mexican street food, offer a symphony of flavors and textures. Seasoned and grilled beef is nestled into soft corn or flour tortillas, creating a perfect vessel for an array of toppings. Common garnishes include crisp lettuce, diced tomatoes, shredded cheese, salsa, and creamy guacamole. The combination of savory, spicy, and fresh elements makes each bite a fiesta for the taste buds. Whether enjoyed as a handheld delight or plated as a taco bar, Beef Tacos provide a customizable and festive dining experience.',15,20,'imgs/recipes/r7.jpeg','Dinner','Mexican','Nut-Free','Sautéed','Beef','Intermediate',1),(6,'Vegetable Soup','Vegetable Soup is a soul-warming concoction that brings together an assortment of fresh vegetables, aromatic herbs, and a savory broth. This hearty and wholesome soup often features ingredients like carrots, celery, onions, and potatoes, creating a symphony of flavors and textures. The slow simmering allows the vegetables to release their natural sweetness, resulting in a comforting and nourishing bowl of goodness. Whether enjoyed as a starter or a complete meal, Vegetable Soup is a timeless classic that satisfies the senses and provides a comforting ',25,30,'imgs/recipes/r17.jpeg','Breakfast','Indian','Vegan','Simmered','Vegetables','Intermediate',5),(7,'Salmon Teriyaki','Salmon Teriyaki is an exquisite dish that showcases the succulence of grilled or broiled salmon glazed with a luscious teriyaki sauce. The teriyaki sauce, a blend of soy sauce, mirin, and sugar, imparts a perfect balance of sweet and savory notes to the tender salmon fillets. The result is a dish that not only delights the taste buds with its rich flavors but also captivates the eyes with its glistening, caramelized exterior. Served with a side of steamed rice and perhaps some stir-fried vegetables, Salmon Teriyaki is a culinary masterpiece that elevates the dining experience.',10,15,'imgs/recipes/r14.webp','Dinner','Japanese','Low-Carb','Grilled','Fish','Easy',1),(10,'Grilled Pork','Grilled Pork is a savory and succulent dish that celebrates the rich flavors of pork chops seasoned and grilled to perfection. The marinade, whether sweet and tangy or herb-infused, enhances the natural taste of the pork while creating a delightful caramelized exterior. The result is juicy and flavorful pork chops that make for a satisfying main course. Grilled Pork pairs well with a variety of side dishes, making it a versatile option for any occasion.',25,30,'imgs/recipes/r5.jpeg','Breakfast','Chinese','Dairy-Free','Baked','Pork','Intermediate',3),(11,'Korean Fried Rice','Fried Rice with chicken, vegetable, korean sause and sun-dried tomatoes.Korean Fried Rice, or \"Bokkeumbap,\" is a delightful dish that transforms leftover rice into a flavorful masterpiece. Stir-fried with a medley of vegetables, proteins like beef or shrimp, and seasoned with soy sauce and Korean spices, it delivers a unique and satisfying taste that showcases the essence of Korean cuisine.',15,20,'imgs/recipes/r22.jpeg','Main','Italian','Nut-Free','Boiled','Pasta','Easy',4),(12,'Beef Burger','A Beef Burger is an American classic, featuring a juicy beef patty, often seasoned with herbs and spices, grilled to perfection, and sandwiched between a soft bun. Toppings like lettuce, tomato, cheese, and condiments add layers of flavor, creating a handheld feast loved worldwide.',25,40,'imgs/recipes/r18.jpeg','Breakfast','American','Vegan','Simmered','Beans','Intermediate',1),(13,'Shrimp Scampi','Shrimp Scampi is an elegant seafood dish that stars succulent shrimp cooked in a luscious garlic and butter sauce. The dish is typically seasoned with white wine, lemon juice, and parsley, creating a harmonious balance of flavors. Served over pasta or with crusty bread, it\'s a delightful culinary experience.',15,20,'imgs/recipes/r21.jpeg','Dinner','Italian','Low-Carb','Sauteed','Shrimp','Intermediate',5),(14,'Pork Fried Rice','Pork Fried Rice is a classic Asian dish that combines fluffy rice with diced pork, vegetables, and soy sauce. Stir-fried to perfection, this dish offers a medley of textures and flavors, making it a beloved choice for those craving a delicious and satisfying meal.',15,15,'imgs/recipes/r8.jpeg','Dinner','Asian','Low-Carb','Sautéed','Vegetables','Easy',3),(15,'Strawberry Dessert','Strawberry Dessert is a sweet indulgence that showcases the natural sweetness of fresh strawberries. Whether featured in a luscious strawberry shortcake, creamy strawberry cheesecake, or as part of a fruit salad, this dessert highlights the vibrant and delightful taste of strawberries.',10,30,'imgs/recipes/r2.jpeg','Dessert','Chinese','Vegetarian','None','Berries','Easy',1),(16,'Vegetable Pizza','Vegetable Pizza is a culinary masterpiece that transforms the classic pizza into a vibrant and nutritious delight. The canvas of this pizza is typically a thin or thick crust, perfectly baked to achieve a golden-brown crispness. What makes Vegetable Pizza stand out is its colorful array of fresh and wholesome toppings. A medley of bell peppers, tomatoes, red onions, mushrooms, and other favorite vegetables are generously scattered over a base of tomato sauce. The vegetables not only add a burst of colors but also contribute a variety of textures and flavors.',30,15,'imgs/recipes/r10.jpeg','Dinner','Italian','Vegetarian','Baked','Vegetables','Intermediate',2),(17,'Turkey Wrap','Thanksgiving-inspired wrap with turkey, cranberry sauce, and stuffing.A Turkey Wrap is a wholesome and convenient meal option, featuring sliced turkey, fresh veggies, and perhaps some creamy dressing, all wrapped in a soft tortilla or flatbread. This portable delight is perfect for a quick and nutritious on-the-go lunch.',10,20,'imgs/recipes/r3.webp','Lunch','American','Dairy-Free','None','Turkey','Easy',3),(18,'Orange Soda ','Orange Soda with fresh mint leaves and blueberry base. Orange Soda is a refreshing beverage that captivates the senses with its citrusy burst. Fizzy and sweet, this effervescent drink is a popular choice for quenching thirst and providing a delightful flavor reminiscent of ripe oranges.',10,20,'imgs/recipes/r15.jpeg','Dessert','American','Low-Carb','Juice','Soda','Easy',2),(20,'Straberry Brownies','Decadent chocolate brownies, a perfect dessert treat. Strawberry Brownies offer a delightful twist on the classic chocolate treat. Fudgy brownies are studded with juicy strawberries, adding a burst of freshness to every bite. This fusion of chocolate and strawberries creates a heavenly dessert experience.',15,25,'imgs/recipes/r4.jpeg','Dessert','American','Dairy-Free','Baked','Chocolate','Easy',2),(21,'Noodle Delight','Delicious noodle dish with assorted flavors. Noodle Delight is a versatile dish that celebrates the world of noodles. Whether served in a savory broth, stir-fried with an array of veggies and proteins, or featured in a cold noodle salad, this dish invites creativity and satisfies noodle cravings in various delightful forms.',15,30,'imgs/recipes/r23.jpeg','Starter','Asian','Vegetarian','Boiling','Noodle','Intermediate',3),(22,'Crab Feast','Savory crab recipe that will leave you wanting more.A Crab Feast is a seafood extravaganza that brings people together for a delightful culinary experience. Whether enjoyed in the form of a crab boil, crab cakes, or a classic crab feast with melted butter, this indulgence highlights the sweet and succulent flavors of crab.',20,40,'imgs/recipes/r24.jpeg','Entry','Asian','Gluten-Free','Grilling','Crab','Hard',2),(23,'Prawn Paradise','A delightful prawn dish that both spicy and flavorful. Prawn Paradise is a seafood delight that features plump and juicy prawns cooked to perfection. Whether grilled, sautéed, or featured in a flavorful curry, this dish showcases the versatility of prawns and their ability to transport taste buds to a seafood paradise.',25,35,'imgs/recipes/r25.jpeg','Main','Asian','Dairy-Free','Frying','Prawn','Intermediate',1),(25,'Fish Fiesta','A feast of flavors featuring the catch of the day. A Fish Fiesta is a celebration of diverse fish dishes that span the culinary spectrum. Whether enjoyed grilled, baked, or fried, each preparation showcases the unique flavors of different fish varieties, creating a festive and flavorful dining experience.',15,25,'imgs/recipes/r27.jpeg','Entry','Korean','Low-Carb','Baking','Fish','Easy',3),(26,'Spicy Delight','A fiery and flavorful spicy fried chicken. Spicy Delight is a dish that awakens the taste buds with a fiery kick. Whether featuring spicy grilled chicken, chili-infused noodles, or a boldly seasoned curry, this dish caters to those who crave a symphony of heat and flavor.',10,20,'imgs/recipes/r28.jpeg','Starter','Asian','Dairy-Free','Grilling','Spicy Food','Intermediate',3),(28,'Bread Bonanza','Enjoy the goodness of freshly baked bread. Bread Bonanza is a celebration of artisanal bread varieties that range from crusty baguettes to soft and fluffy rolls. Whether enjoyed with savory spreads or as the foundation for creative sandwiches, this bonanza caters to bread enthusiasts.',30,40,'imgs/recipes/r30.jpeg','Main','Indian','Vegetarian','Baking','Bread','Easy',1),(30,'Fruit Bliss','Experience the taste of tropical fruits in every bite. Fruit Bliss is a dessert sensation that spotlights the delightful combination of ripe fruits. Whether featured in a fruit tart, fruit salad with honey drizzle, or as a topping for creamy desserts, this blissful creation captures the essence of sweetness from nature.',20,15,'imgs/recipes/r32.jpeg','Dessert','Thailand','Vegetarian','Blending','Fruits','Easy',4);
/*!40000 ALTER TABLE `recipe` ENABLE KEYS */;
UNLOCK TABLES;

--
-- Table structure for table `review_table`
--

DROP TABLE IF EXISTS `review_table`;
/*!40101 SET @saved_cs_client     = @@character_set_client */;
/*!50503 SET character_set_client = utf8mb4 */;
CREATE TABLE `review_table` (
  `review_id` int NOT NULL AUTO_INCREMENT,
  `user_name` varchar(200) NOT NULL,
  `user_rating` int NOT NULL,
  `user_review` text NOT NULL,
  `datetime` int NOT NULL,
  `recipe_id` int NOT NULL,
  `user_id` int NOT NULL,
  PRIMARY KEY (`review_id`),
  KEY `fk_review_recipe` (`recipe_id`),
  CONSTRAINT `fk_review_recipe` FOREIGN KEY (`recipe_id`) REFERENCES `recipe` (`id`) ON DELETE CASCADE
) ENGINE=InnoDB AUTO_INCREMENT=71 DEFAULT CHARSET=latin1;
/*!40101 SET character_set_client = @saved_cs_client */;

--
-- Dumping data for table `review_table`
--

LOCK TABLES `review_table` WRITE;
/*!40000 ALTER TABLE `review_table` DISABLE KEYS */;
INSERT INTO `review_table` VALUES (46,'KS',5,'KS',1701190679,28,39),(47,'k',5,'l',1701191402,25,39),(48,'KS',5,'KS',1701192189,30,40),(49,'KS',5,'KS',1701192234,1,40),(51,'KS',5,'KS',1701194949,2,41),(52,'KS',5,'KS',1701244429,10,41),(62,'Khit',5,'Khit',1701525617,21,40),(63,'KS',1,'KS',1701525687,26,41),(64,'KS',5,'KS',1701764252,28,44),(65,'KS',1,'KS',1701764594,28,45),(66,'KS',3,'KS',1702121564,25,44),(67,'KS',4,'KS',1702545302,28,47),(68,'asdas',4,'dDS',1702635614,14,44),(69,'d',5,'d',1702650993,1,44),(70,'KS',5,'s',1702651094,15,44);
/*!40000 ALTER TABLE `review_table` ENABLE KEYS */;
UNLOCK TABLES;

--
-- Table structure for table `user`
--

DROP TABLE IF EXISTS `user`;
/*!40101 SET @saved_cs_client     = @@character_set_client */;
/*!50503 SET character_set_client = utf8mb4 */;
CREATE TABLE `user` (
  `id` int NOT NULL AUTO_INCREMENT,
  `username` varchar(45) NOT NULL,
  `email` varchar(45) NOT NULL,
  `password` varchar(255) NOT NULL,
  `role` varchar(10) NOT NULL,
  PRIMARY KEY (`id`),
  UNIQUE KEY `email_UNIQUE` (`email`)
) ENGINE=InnoDB AUTO_INCREMENT=49 DEFAULT CHARSET=utf8mb4 COLLATE=utf8mb4_0900_ai_ci;
/*!40101 SET character_set_client = @saved_cs_client */;

--
-- Dumping data for table `user`
--

LOCK TABLES `user` WRITE;
/*!40000 ALTER TABLE `user` DISABLE KEYS */;
INSERT INTO `user` VALUES (40,'cheff','chef1@gmail.com','f4b1d53be2d65e6b88d27db50a7708e0','chef'),(41,'customer','customer1@gmail.com','f4b1d53be2d65e6b88d27db50a7708e0','customer'),(42,'customer','customer2@gmail.com','f4b1d53be2d65e6b88d27db50a7708e0','customer'),(43,'Khist','khitsithu123456@gmail.com','f4b1d53be2d65e6b88d27db50a7708e0','chef'),(44,'Khit Si Thu','khitsithu1@gmail.com','f4b1d53be2d65e6b88d27db50a7708e0','chef'),(45,'KS','khitsithu2@gmail.com','f4b1d53be2d65e6b88d27db50a7708e0','customer'),(46,'Khist','khitsithu3@gmail.com','f4b1d53be2d65e6b88d27db50a7708e0','customer'),(47,'chef','chef2@gmail.com','f4b1d53be2d65e6b88d27db50a7708e0','chef'),(48,'KSTT','khitsithu11@gmail.com','f4b1d53be2d65e6b88d27db50a7708e0','chef');
/*!40000 ALTER TABLE `user` ENABLE KEYS */;
UNLOCK TABLES;
/*!40103 SET TIME_ZONE=@OLD_TIME_ZONE */;

/*!40101 SET SQL_MODE=@OLD_SQL_MODE */;
/*!40014 SET FOREIGN_KEY_CHECKS=@OLD_FOREIGN_KEY_CHECKS */;
/*!40014 SET UNIQUE_CHECKS=@OLD_UNIQUE_CHECKS */;
/*!40101 SET CHARACTER_SET_CLIENT=@OLD_CHARACTER_SET_CLIENT */;
/*!40101 SET CHARACTER_SET_RESULTS=@OLD_CHARACTER_SET_RESULTS */;
/*!40101 SET COLLATION_CONNECTION=@OLD_COLLATION_CONNECTION */;
/*!40111 SET SQL_NOTES=@OLD_SQL_NOTES */;

-- Dump completed on 2023-12-15 21:57:05
